"[<a class=""header--flex-middle--2Xqjv header--logo--bdAod"" href=""/""><img alt=""Udemy"" height=""34"" src=""/staticx/udemy/images/v7/logo-udemy.svg"" width=""91""/></a>, <a class=""js-side-nav-cat"" data-id=""288"" href=""/courses/development/"" tabindex=""-1"">Development</a>, <a class=""js-side-nav-cat js-subcat"" data-id=""8"" href=""/courses/development/web-development/"" tabindex=""-1"">Web Development</a>, <a class=""js-side-nav-cat js-subcat"" data-id=""558"" href=""/courses/development/data-science/"" tabindex=""-1"">Data Science</a>, <a class=""js-side-nav-cat js-subcat"" data-id=""10"" href=""/courses/development/mobile-apps/"" tabindex=""-1"">Mobile Development</a>, <a class=""js-side-nav-cat js-subcat"" data-id=""12"" href=""/courses/development/programming-languages/"" tabindex=""-1"">Programming Languages</a>, <a class=""js-side-nav-cat js-subcat"" data-id=""14"" href=""/courses/development/game-development/"" tabindex=""-1"">Game Development</a>, <a class=""js-side-nav-cat js-subcat"" data-id=""16"" href=""/courses/development/databases/"" tabindex=""-1"">Database Design &amp; Development</a>, <a class=""js-side-nav-cat js-subcat"" data-id=""18"" href=""/courses/development/software-testing/"" tabindex=""-1"">Software Testing</a>, <a class=""js-side-nav-cat js-subcat"" data-id=""20"" href=""/courses/development/software-engineering/"" tabindex=""-1"">Software Engineering</a>, <a class=""js-side-nav-cat js-subcat"" data-id=""362"" href=""/courses/development/development-tools/"" tabindex=""-1"">Software Development Tools</a>, <a class=""js-side-nav-cat js-subcat"" data-id=""575"" href=""/courses/development/no-code-development/"" tabindex=""-1"">No-Code Development</a>, <a class=""js-side-nav-cat"" data-id=""268"" href=""/courses/business/"" tabindex=""-1"">Business</a>, <a class=""js-side-nav-cat js-subcat"" data-id=""26"" href=""/courses/business/entrepreneurship/"" tabindex=""-1"">Entrepreneurship</a>, <a class=""js-side-nav-cat js-subcat"" data-id=""28"" href=""/courses/business/communications/"" tabindex=""-1"">Communication</a>, <a class=""js-side-nav-cat js-subcat"" data-id=""30"" href=""/courses/business/management/"" tabindex=""-1"">Management</a>, <a class=""js-side-nav-cat js-subcat"" data-id=""32"" href=""/courses/business/sales/"" tabindex=""-1"">Sales</a>, <a class=""js-side-nav-cat js-subcat"" data-id=""34"" href=""/courses/business/strategy/"" tabindex=""-1"">Business Strategy</a>, <a class=""js-side-nav-cat js-subcat"" data-id=""36"" href=""/courses/business/operations/"" tabindex=""-1"">Operations</a>, <a class=""js-side-nav-cat js-subcat"" data-id=""38"" href=""/courses/business/project-management/"" tabindex=""-1"">Project Management</a>, <a class=""js-side-nav-cat js-subcat"" data-id=""40"" href=""/courses/business/business-law/"" tabindex=""-1"">Business Law</a>, <a class=""js-side-nav-cat js-subcat"" data-id=""44"" href=""/courses/business/analytics-and-intelligence/"" tabindex=""-1"">Business Analytics &amp; Intelligence</a>, <a class=""js-side-nav-cat js-subcat"" data-id=""48"" href=""/courses/business/human-resources/"" tabindex=""-1"">Human Resources</a>, <a class=""js-side-nav-cat js-subcat"" data-id=""50"" href=""/courses/business/industry/"" tabindex=""-1"">Industry</a>, <a class=""js-side-nav-cat js-subcat"" data-id=""354"" href=""/courses/business/e-commerce/"" tabindex=""-1"">E-Commerce</a>, <a class=""js-side-nav-cat js-subcat"" data-id=""52"" href=""/courses/business/media/"" tabindex=""-1"">Media</a>, <a class=""js-side-nav-cat js-subcat"" data-id=""58"" href=""/courses/business/real-estate/"" tabindex=""-1"">Real Estate</a>, <a class=""js-side-nav-cat js-subcat"" data-id=""60"" href=""/courses/business/other-business/"" tabindex=""-1"">Other Business</a>, <a class=""js-side-nav-cat"" data-id=""328"" href=""/courses/finance-and-accounting/"" tabindex=""-1"">Finance &amp; Accounting</a>, <a class=""js-side-nav-cat js-subcat"" data-id=""530"" href=""/courses/finance-and-accounting/accounting-bookkeeping/"" tabindex=""-1"">Accounting &amp; Bookkeeping</a>, <a class=""js-side-nav-cat js-subcat"" data-id=""532"" href=""/courses/finance-and-accounting/compliance/"" tabindex=""-1"">Compliance</a>, <a class=""js-side-nav-cat js-subcat"" data-id=""534"" href=""/courses/finance-and-accounting/cryptocurrency-and-blockchain/"" tabindex=""-1"">Cryptocurrency &amp; Blockchain</a>, <a class=""js-side-nav-cat js-subcat"" data-id=""536"" href=""/courses/finance-and-accounting/economics/"" tabindex=""-1"">Economics</a>, <a class=""js-side-nav-cat js-subcat"" data-id=""540"" href=""/courses/finance-and-accounting/finance-management/"" tabindex=""-1"">Finance</a>, <a class=""js-side-nav-cat js-subcat"" data-id=""542"" href=""/courses/finance-and-accounting/finance-certification-and-exam-prep/"" tabindex=""-1"">Finance Cert &amp; Exam Prep</a>, <a class=""js-side-nav-cat js-subcat"" data-id=""544"" href=""/courses/finance-and-accounting/financial-modeling-and-analysis/"" tabindex=""-1"">Financial Modeling &amp; Analysis</a>, <a class=""js-side-nav-cat js-subcat"" data-id=""546"" href=""/courses/finance-and-accounting/investing-and-trading/"" tabindex=""-1"">Investing &amp; Trading</a>, <a class=""js-side-nav-cat js-subcat"" data-id=""548"" href=""/courses/finance-and-accounting/money-management-tools/"" tabindex=""-1"">Money Management Tools</a>, <a class=""js-side-nav-cat js-subcat"" data-id=""550"" href=""/courses/finance-and-accounting/taxes/"" tabindex=""-1"">Taxes</a>, <a class=""js-side-nav-cat js-subcat"" data-id=""552"" href=""/courses/finance-and-accounting/other-finance-and-accounting/"" tabindex=""-1"">Other Finance &amp; Accounting</a>, <a class=""js-side-nav-cat"" data-id=""294"" href=""/courses/it-and-software/"" tabindex=""-1"">IT &amp; Software</a>, <a class=""js-side-nav-cat js-subcat"" data-id=""132"" href=""/courses/it-and-software/it-certification/"" tabindex=""-1"">IT Certifications</a>, <a class=""js-side-nav-cat js-subcat"" data-id=""134"" href=""/courses/it-and-software/network-and-security/"" tabindex=""-1"">Network &amp; Security</a>, <a class=""js-side-nav-cat js-subcat"" data-id=""136"" href=""/courses/it-and-software/hardware/"" tabindex=""-1"">Hardware</a>, <a class=""js-side-nav-cat js-subcat"" data-id=""138"" href=""/courses/it-and-software/operating-systems/"" tabindex=""-1"">Operating Systems &amp; Servers</a>, <a class=""js-side-nav-cat js-subcat"" data-id=""140"" href=""/courses/it-and-software/other-it-and-software/"" tabindex=""-1"">Other IT &amp; Software</a>, <a class=""js-side-nav-cat"" data-id=""292"" href=""/courses/office-productivity/"" tabindex=""-1"">Office Productivity</a>, <a class=""js-side-nav-cat js-subcat"" data-id=""96"" href=""/courses/office-productivity/microsoft/"" tabindex=""-1"">Microsoft</a>, <a class=""js-side-nav-cat js-subcat"" data-id=""98"" href=""/courses/office-productivity/apple/"" tabindex=""-1"">Apple</a>, <a class=""js-side-nav-cat js-subcat"" data-id=""100"" href=""/courses/office-productivity/google/"" tabindex=""-1"">Google</a>, <a class=""js-side-nav-cat js-subcat"" data-id=""102"" href=""/courses/office-productivity/sap/"" tabindex=""-1"">SAP</a>, <a class=""js-side-nav-cat js-subcat"" data-id=""106"" href=""/courses/office-productivity/oracle/"" tabindex=""-1"">Oracle</a>, <a class=""js-side-nav-cat js-subcat"" data-id=""108"" href=""/courses/office-productivity/other-productivity/"" tabindex=""-1"">Other Office Productivity</a>, <a class=""js-side-nav-cat"" data-id=""296"" href=""/courses/personal-development/"" tabindex=""-1"">Personal Development</a>, <a class=""js-side-nav-cat js-subcat"" data-id=""142"" href=""/courses/personal-development/personal-transformation/"" tabindex=""-1"">Personal Transformation</a>, <a class=""js-side-nav-cat js-subcat"" data-id=""144"" href=""/courses/personal-development/productivity/"" tabindex=""-1"">Personal Productivity</a>, <a class=""js-side-nav-cat js-subcat"" data-id=""146"" href=""/courses/personal-development/leadership/"" tabindex=""-1"">Leadership</a>, <a class=""js-side-nav-cat js-subcat"" data-id=""150"" href=""/courses/personal-development/career-development/"" tabindex=""-1"">Career Development</a>, <a class=""js-side-nav-cat js-subcat"" data-id=""152"" href=""/courses/personal-development/parenting-and-relationships/"" tabindex=""-1"">Parenting &amp; Relationships</a>, <a class=""js-side-nav-cat js-subcat"" data-id=""156"" href=""/courses/personal-development/happiness/"" tabindex=""-1"">Happiness</a>, <a class=""js-side-nav-cat js-subcat"" data-id=""577"" href=""/courses/lifestyle/esoteric-practices/"" tabindex=""-1"">Esoteric Practices</a>, <a class=""js-side-nav-cat js-subcat"" data-id=""158"" href=""/courses/personal-development/religion-and-spirituality/"" tabindex=""-1"">Religion &amp; Spirituality</a>, <a class=""js-side-nav-cat js-subcat"" data-id=""160"" href=""/courses/personal-development/personal-brand-building/"" tabindex=""-1"">Personal Brand Building</a>, <a class=""js-side-nav-cat js-subcat"" data-id=""164"" href=""/courses/personal-development/creativity/"" tabindex=""-1"">Creativity</a>, <a class=""js-side-nav-cat js-subcat"" data-id=""166"" href=""/courses/personal-development/influence/"" tabindex=""-1"">Influence</a>, <a class=""js-side-nav-cat js-subcat"" data-id=""168"" href=""/courses/personal-development/self-esteem-and-confidence/"" tabindex=""-1"">Self Esteem &amp; Confidence</a>, <a class=""js-side-nav-cat js-subcat"" data-id=""170"" href=""/courses/personal-development/stress-management/"" tabindex=""-1"">Stress Management</a>, <a class=""js-side-nav-cat js-subcat"" data-id=""172"" href=""/courses/personal-development/memory/"" tabindex=""-1"">Memory &amp; Study Skills</a>, <a class=""js-side-nav-cat js-subcat"" data-id=""176"" href=""/courses/personal-development/motivation/"" tabindex=""-1"">Motivation</a>, <a class=""js-side-nav-cat js-subcat"" data-id=""178"" href=""/courses/personal-development/other-personal-development/"" tabindex=""-1"">Other Personal Development</a>, <a class=""js-side-nav-cat"" data-id=""269"" href=""/courses/design/"" tabindex=""-1"">Design</a>, <a class=""js-side-nav-cat js-subcat"" data-id=""6"" href=""/courses/design/web-design/"" tabindex=""-1"">Web Design</a>, <a class=""js-side-nav-cat js-subcat"" data-id=""110"" href=""/courses/design/graphic-design-and-illustration/"" tabindex=""-1"">Graphic Design &amp; Illustration</a>, <a class=""js-side-nav-cat js-subcat"" data-id=""112"" href=""/courses/design/design-tools/"" tabindex=""-1"">Design Tools</a>, <a class=""js-side-nav-cat js-subcat"" data-id=""114"" href=""/courses/design/user-experience/"" tabindex=""-1"">User Experience Design</a>, <a class=""js-side-nav-cat js-subcat"" data-id=""116"" href=""/courses/design/game-design/"" tabindex=""-1"">Game Design</a>, <a class=""js-side-nav-cat js-subcat"" data-id=""118"" href=""/courses/design/design-thinking/"" tabindex=""-1"">Design Thinking</a>, <a class=""js-side-nav-cat js-subcat"" data-id=""120"" href=""/courses/design/3d-and-animation/"" tabindex=""-1"">3D &amp; Animation</a>, <a class=""js-side-nav-cat js-subcat"" data-id=""122"" href=""/courses/design/fashion/"" tabindex=""-1"">Fashion Design</a>, <a class=""js-side-nav-cat js-subcat"" data-id=""124"" href=""/courses/design/architectural-design/"" tabindex=""-1"">Architectural Design</a>, <a class=""js-side-nav-cat js-subcat"" data-id=""128"" href=""/courses/design/interior-design/"" tabindex=""-1"">Interior Design</a>, <a class=""js-side-nav-cat js-subcat"" data-id=""130"" href=""/courses/design/other-design/"" tabindex=""-1"">Other Design</a>, <a class=""js-side-nav-cat"" data-id=""290"" href=""/courses/marketing/"" tabindex=""-1"">Marketing</a>, <a class=""js-side-nav-cat js-subcat"" data-id=""62"" href=""/courses/marketing/digital-marketing/"" tabindex=""-1"">Digital Marketing</a>, <a class=""js-side-nav-cat js-subcat"" data-id=""64"" href=""/courses/marketing/search-engine-optimization/"" tabindex=""-1"">Search Engine Optimization</a>, <a class=""js-side-nav-cat js-subcat"" data-id=""66"" href=""/courses/marketing/social-media-marketing/"" tabindex=""-1"">Social Media Marketing</a>, <a class=""js-side-nav-cat js-subcat"" data-id=""68"" href=""/courses/marketing/branding/"" tabindex=""-1"">Branding</a>, <a class=""js-side-nav-cat js-subcat"" data-id=""70"" href=""/courses/marketing/marketing-fundamentals/"" tabindex=""-1"">Marketing Fundamentals</a>, <a class=""js-side-nav-cat js-subcat"" data-id=""72"" href=""/courses/marketing/analytics-and-automation/"" tabindex=""-1"">Marketing Analytics &amp; Automation</a>, <a class=""js-side-nav-cat js-subcat"" data-id=""74"" href=""/courses/marketing/public-relations/"" tabindex=""-1"">Public Relations</a>, <a class=""js-side-nav-cat js-subcat"" data-id=""76"" href=""/courses/marketing/advertising/"" tabindex=""-1"">Advertising</a>, <a class=""js-side-nav-cat js-subcat"" data-id=""78"" href=""/courses/marketing/video-and-mobile-marketing/"" tabindex=""-1"">Video &amp; Mobile Marketing</a>, <a class=""js-side-nav-cat js-subcat"" data-id=""80"" href=""/courses/marketing/content-marketing/"" tabindex=""-1"">Content Marketing</a>, <a class=""js-side-nav-cat js-subcat"" data-id=""86"" href=""/courses/marketing/growth-hacking/"" tabindex=""-1"">Growth Hacking</a>, <a class=""js-side-nav-cat js-subcat"" data-id=""88"" href=""/courses/marketing/affiliate-marketing/"" tabindex=""-1"">Affiliate Marketing</a>, <a class=""js-side-nav-cat js-subcat"" data-id=""90"" href=""/courses/marketing/product-marketing/"" tabindex=""-1"">Product Marketing</a>, <a class=""js-side-nav-cat js-subcat"" data-id=""94"" href=""/courses/marketing/other-marketing/"" tabindex=""-1"">Other Marketing</a>, <a class=""js-side-nav-cat"" data-id=""274"" href=""/courses/lifestyle/"" tabindex=""-1"">Lifestyle</a>, <a class=""js-side-nav-cat js-subcat"" data-id=""180"" href=""/courses/lifestyle/arts-and-crafts/"" tabindex=""-1"">Arts &amp; Crafts</a>, <a class=""js-side-nav-cat js-subcat"" data-id=""184"" href=""/courses/lifestyle/beauty-and-makeup/"" tabindex=""-1"">Beauty &amp; Makeup</a>, <a class=""js-side-nav-cat js-subcat"" data-id=""577"" href=""/courses/lifestyle/esoteric-practices/"" tabindex=""-1"">Esoteric Practices</a>, <a class=""js-side-nav-cat js-subcat"" data-id=""182"" href=""/courses/lifestyle/food-and-beverage/"" tabindex=""-1"">Food &amp; Beverage</a>, <a class=""js-side-nav-cat js-subcat"" data-id=""188"" href=""/courses/lifestyle/gaming/"" tabindex=""-1"">Gaming</a>, <a class=""js-side-nav-cat js-subcat"" data-id=""190"" href=""/courses/lifestyle/home-improvement/"" tabindex=""-1"">Home Improvement</a>, <a class=""js-side-nav-cat js-subcat"" data-id=""192"" href=""/courses/lifestyle/pet-care-and-training/"" tabindex=""-1"">Pet Care &amp; Training</a>, <a class=""js-side-nav-cat js-subcat"" data-id=""186"" href=""/courses/lifestyle/travel/"" tabindex=""-1"">Travel</a>, <a class=""js-side-nav-cat js-subcat"" data-id=""194"" href=""/courses/lifestyle/other-lifestyle/"" tabindex=""-1"">Other Lifestyle</a>, <a class=""js-side-nav-cat"" data-id=""273"" href=""/courses/photography-and-video/"" tabindex=""-1"">Photography &amp; Video</a>, <a class=""js-side-nav-cat js-subcat"" data-id=""370"" href=""/courses/photography-and-video/digital-photography/"" tabindex=""-1"">Digital Photography</a>, <a class=""js-side-nav-cat js-subcat"" data-id=""196"" href=""/courses/photography-and-video/photography-fundamentals/"" tabindex=""-1"">Photography</a>, <a class=""js-side-nav-cat js-subcat"" data-id=""204"" href=""/courses/photography-and-video/portraits/"" tabindex=""-1"">Portrait Photography</a>, <a class=""js-side-nav-cat js-subcat"" data-id=""198"" href=""/courses/photography-and-video/photography-tools/"" tabindex=""-1"">Photography Tools</a>, <a class=""js-side-nav-cat js-subcat"" data-id=""208"" href=""/courses/photography-and-video/commercial-photography/"" tabindex=""-1"">Commercial Photography</a>, <a class=""js-side-nav-cat js-subcat"" data-id=""218"" href=""/courses/photography-and-video/video-design/"" tabindex=""-1"">Video Design</a>, <a class=""js-side-nav-cat js-subcat"" data-id=""220"" href=""/courses/photography-and-video/other-photography-and-video/"" tabindex=""-1"">Other Photography &amp; Video</a>, <a class=""js-side-nav-cat"" data-id=""276"" href=""/courses/health-and-fitness/"" tabindex=""-1"">Health &amp; Fitness</a>, <a class=""js-side-nav-cat js-subcat"" data-id=""222"" href=""/courses/health-and-fitness/fitness/"" tabindex=""-1"">Fitness</a>, <a class=""js-side-nav-cat js-subcat"" data-id=""224"" href=""/courses/health-and-fitness/general-health/"" tabindex=""-1"">General Health</a>, <a class=""js-side-nav-cat js-subcat"" data-id=""226"" href=""/courses/health-and-fitness/sports/"" tabindex=""-1"">Sports</a>, <a class=""js-side-nav-cat js-subcat"" data-id=""228"" href=""/courses/health-and-fitness/nutrition/"" tabindex=""-1"">Nutrition</a>, <a class=""js-side-nav-cat js-subcat"" data-id=""230"" href=""/courses/health-and-fitness/yoga/"" tabindex=""-1"">Yoga</a>, <a class=""js-side-nav-cat js-subcat"" data-id=""232"" href=""/courses/health-and-fitness/mental-health/"" tabindex=""-1"">Mental Health</a>, <a class=""js-side-nav-cat js-subcat"" data-id=""234"" href=""/courses/health-and-fitness/dieting/"" tabindex=""-1"">Dieting</a>, <a class=""js-side-nav-cat js-subcat"" data-id=""236"" href=""/courses/health-and-fitness/self-defense/"" tabindex=""-1"">Self Defense</a>, <a class=""js-side-nav-cat js-subcat"" data-id=""238"" href=""/courses/health-and-fitness/safety-and-first-aid/"" tabindex=""-1"">Safety &amp; First Aid</a>, <a class=""js-side-nav-cat js-subcat"" data-id=""240"" href=""/courses/health-and-fitness/dance/"" tabindex=""-1"">Dance</a>, <a class=""js-side-nav-cat js-subcat"" data-id=""242"" href=""/courses/health-and-fitness/meditation/"" tabindex=""-1"">Meditation</a>, <a class=""js-side-nav-cat js-subcat"" data-id=""244"" href=""/courses/health-and-fitness/other-health-and-fitness/"" tabindex=""-1"">Other Health &amp; Fitness</a>, <a class=""js-side-nav-cat"" data-id=""278"" href=""/courses/music/"" tabindex=""-1"">Music</a>, <a class=""js-side-nav-cat js-subcat"" data-id=""296"" href=""/courses/music/instruments/"" tabindex=""-1"">Instruments</a>, <a class=""js-side-nav-cat js-subcat"" data-id=""298"" href=""/courses/music/production/"" tabindex=""-1"">Music Production</a>, <a class=""js-side-nav-cat js-subcat"" data-id=""300"" href=""/courses/music/music-fundamentals/"" tabindex=""-1"">Music Fundamentals</a>, <a class=""js-side-nav-cat js-subcat"" data-id=""302"" href=""/courses/music/vocal/"" tabindex=""-1"">Vocal</a>, <a class=""js-side-nav-cat js-subcat"" data-id=""304"" href=""/courses/music/music-techniques/"" tabindex=""-1"">Music Techniques</a>, <a class=""js-side-nav-cat js-subcat"" data-id=""306"" href=""/courses/music/music-software/"" tabindex=""-1"">Music Software</a>, <a class=""js-side-nav-cat js-subcat"" data-id=""308"" href=""/courses/music/other-music/"" tabindex=""-1"">Other Music</a>, <a class=""js-side-nav-cat"" data-id=""300"" href=""/courses/teaching-and-academics/"" tabindex=""-1"">Teaching &amp; Academics</a>, <a class=""js-side-nav-cat js-subcat"" data-id=""366"" href=""/courses/teaching-and-academics/engineering/"" tabindex=""-1"">Engineering</a>, <a class=""js-side-nav-cat js-subcat"" data-id=""380"" href=""/courses/teaching-and-academics/humanities/"" tabindex=""-1"">Humanities</a>, <a class=""js-side-nav-cat js-subcat"" data-id=""310"" href=""/courses/teaching-and-academics/math/"" tabindex=""-1"">Math</a>, <a class=""js-side-nav-cat js-subcat"" data-id=""312"" href=""/courses/teaching-and-academics/science/"" tabindex=""-1"">Science</a>, <a class=""js-side-nav-cat js-subcat"" data-id=""523"" href=""/courses/teaching-and-academics/online-education/"" tabindex=""-1"">Online Education</a>, <a class=""js-side-nav-cat js-subcat"" data-id=""376"" href=""/courses/teaching-and-academics/social-science/"" tabindex=""-1"">Social Science</a>, <a class=""js-side-nav-cat js-subcat"" data-id=""521"" href=""/courses/teaching-and-academics/language/"" tabindex=""-1"">Language Learning</a>, <a class=""js-side-nav-cat js-subcat"" data-id=""527"" href=""/courses/teaching-and-academics/teacher-training/"" tabindex=""-1"">Teacher Training</a>, <a class=""js-side-nav-cat js-subcat"" data-id=""529"" href=""/courses/teaching-and-academics/test-prep/"" tabindex=""-1"">Test Prep</a>, <a class=""js-side-nav-cat js-subcat"" data-id=""525"" href=""/courses/teaching-and-academics/other-teaching-academics/"" tabindex=""-1"">Other Teaching &amp; Academics</a>, <a data-id=""4704"" href=""/topic/aws-certification/"" tabindex=""-1"">AWS Certification</a>, <a data-id=""6720"" href=""/topic/microsoft-certification/"" tabindex=""-1"">Microsoft Certification</a>, <a data-id=""24774"" href=""/topic/aws-certified-solutions-architect-associate/"" tabindex=""-1"">AWS Certified Solutions Architect - Associate</a>, <a data-id=""46868"" href=""/topic/aws-certified-cloud-practitioner/"" tabindex=""-1"">AWS Certified Cloud Practitioner</a>, <a data-id=""5166"" href=""/topic/comptia-a/"" tabindex=""-1"">CompTIA A+</a>, <a data-id=""4452"" href=""/topic/amazon-aws/"" tabindex=""-1"">Amazon AWS</a>, <a data-id=""5176"" href=""/topic/comptia-security/"" tabindex=""-1"">CompTIA Security+</a>, <a data-id=""5044"" href=""/topic/cisco-ccna/"" tabindex=""-1"">Cisco CCNA</a>, <a data-id=""118634"" href=""/topic/microsoft-az-900/"" tabindex=""-1"">Microsoft AZ-900</a>, <a data-id=""6020"" href=""/topic/graphic-design/"" tabindex=""-1"">Graphic Design</a>, <a data-id=""4402"" href=""/topic/photoshop/"" tabindex=""-1"">Photoshop</a>, <a data-id=""4394"" href=""/topic/adobe-illustrator/"" tabindex=""-1"">Adobe Illustrator</a>, <a data-id=""5494"" href=""/topic/drawing/"" tabindex=""-1"">Drawing</a>, <a data-id=""5434"" href=""/topic/digital-painting/"" tabindex=""-1"">Digital Painting</a>, <a data-id=""4396"" href=""/topic/indesign/"" tabindex=""-1"">InDesign</a>, <a data-id=""8592"" href=""/topic/canva/"" tabindex=""-1"">Canva</a>, <a data-id=""33938"" href=""/topic/design-theory/"" tabindex=""-1"">Design Theory</a>, <a data-id=""5002"" href=""/topic/character-design/"" tabindex=""-1"">Character Design</a>, <a data-id=""10684"" href=""/topic/life-coaching/"" tabindex=""-1"">Life Coach Training</a>, <a data-id=""7138"" href=""/topic/personal-development/"" tabindex=""-1"">Personal Development</a>, <a data-id=""6910"" href=""/topic/neuro-linguistic-programming/"" tabindex=""-1"">Neuro-Linguistic Programming</a>, <a data-id=""15374"" href=""/topic/personal-transformation/"" tabindex=""-1"">Personal Transformation</a>, <a data-id=""6770"" href=""/topic/mindfulness/"" tabindex=""-1"">Mindfulness</a>, <a data-id=""6520"" href=""/topic/life-purpose/"" tabindex=""-1"">Life Purpose</a>, <a data-id=""6680"" href=""/topic/meditation/"" tabindex=""-1"">Meditation</a>, <a data-id=""5124"" href=""/topic/cbt/"" tabindex=""-1"">CBT</a>, <a data-id=""11098"" href=""/topic/coaching/"" tabindex=""-1"">Coaching</a>, <a data-id=""8322"" href=""/topic/web-development/"" tabindex=""-1"">Web Development</a>, <a data-id=""6368"" href=""/topic/javascript/"" tabindex=""-1"">JavaScript</a>, <a data-id=""7450"" href=""/topic/react/"" tabindex=""-1"">React</a>, <a data-id=""28016"" href=""/topic/angular/"" tabindex=""-1"">Angular</a>, <a data-id=""5306"" href=""/topic/css/"" tabindex=""-1"">CSS</a>, <a data-id=""5464"" href=""/topic/django/"" tabindex=""-1"">Django</a>, <a data-id=""7176"" href=""/topic/php/"" tabindex=""-1"">PHP</a>, <a data-id=""6928"" href=""/topic/nodejs/"" tabindex=""-1"">Node.Js</a>, <a data-id=""8452"" href=""/topic/wordpress/"" tabindex=""-1"">WordPress</a>, <a data-id=""52458"" href=""/topic/google-flutter/"" tabindex=""-1"">Google Flutter</a>, <a data-id=""4470"" href=""/topic/android-development/"" tabindex=""-1"">Android Development</a>, <a data-id=""6292"" href=""/topic/ios-development/"" tabindex=""-1"">iOS Development</a>, <a data-id=""9884"" href=""/topic/react-native/"" tabindex=""-1"">React Native</a>, <a data-id=""7956"" href=""/topic/swift/"" tabindex=""-1"">Swift</a>, <a data-id=""37860"" href=""/topic/dart-programming-language/"" tabindex=""-1"">Dart (programming language)</a>, <a data-id=""5402"" href=""/topic/mobile-development/"" tabindex=""-1"">Mobile Development</a>, <a data-id=""13554"" href=""/topic/kotlin/"" tabindex=""-1"">Kotlin</a>, <a data-id=""131074"" href=""/topic/swiftui/"" tabindex=""-1"">SwiftUI</a>, <a data-id=""5430"" href=""/topic/digital-marketing/"" tabindex=""-1"">Digital Marketing</a>, <a data-id=""73900"" href=""/topic/google-ads/"" tabindex=""-1"">Google Ads (Adwords)</a>, <a data-id=""7788"" href=""/topic/social-media-marketing/"" tabindex=""-1"">Social Media Marketing</a>, <a data-id=""6630"" href=""/topic/marketing-strategy/"" tabindex=""-1"">Marketing Strategy</a>, <a data-id=""9838"" href=""/topic/google-ads-certification/"" tabindex=""-1"">Google Ads (AdWords) Certification</a>, <a data-id=""6994"" href=""/topic/internet-marketing/"" tabindex=""-1"">Internet Marketing</a>, <a data-id=""8522"" href=""/topic/youtube-marketing/"" tabindex=""-1"">YouTube Marketing</a>, <a data-id=""5980"" href=""/topic/google-analytics/"" tabindex=""-1"">Google Analytics</a>, <a data-id=""5586"" href=""/topic/email-marketing/"" tabindex=""-1"">Email Marketing</a>, <a data-id=""6740"" href=""/topic/microsoft-power-bi/"" tabindex=""-1"">Microsoft Power BI</a>, <a data-id=""7862"" href=""/topic/sql/"" tabindex=""-1"">SQL</a>, <a data-id=""7978"" href=""/topic/tableau/"" tabindex=""-1"">Tableau</a>, <a data-id=""9000"" href=""/topic/business-analysis/"" tabindex=""-1"">Business Analysis</a>, <a data-id=""5334"" href=""/topic/data-modeling/"" tabindex=""-1"">Data Modeling</a>, <a data-id=""4886"" href=""/topic/business-intelligence/"" tabindex=""-1"">Business Intelligence</a>, <a data-id=""6866"" href=""/topic/mysql/"" tabindex=""-1"">MySQL</a>, <a data-id=""5328"" href=""/topic/data-analysis/"" tabindex=""-1"">Data Analysis</a>, <a data-id=""4792"" href=""/topic/blockchain/"" tabindex=""-1"">Blockchain</a>, <a data-id=""4882"" href=""/topic/business-fundamentals/"" tabindex=""-1"">Business Fundamentals</a>, <a data-id=""5654"" href=""/topic/entrepreneurship/"" tabindex=""-1"">Entrepreneurship Fundamentals</a>, <a data-id=""4898"" href=""/topic/business-strategy/"" tabindex=""-1"">Business Strategy</a>, <a data-id=""5874"" href=""/topic/freelancing/"" tabindex=""-1"">Freelancing</a>, <a data-id=""4894"" href=""/topic/business-plan/"" tabindex=""-1"">Business Plan</a>, <a data-id=""7888"" href=""/topic/startup/"" tabindex=""-1"">Startup</a>, <a data-id=""6992"" href=""/topic/online-business/"" tabindex=""-1"">Online Business</a>, <a data-id=""4796"" href=""/topic/blogging/"" tabindex=""-1"">Blogging</a>, <a data-id=""6114"" href=""/topic/home-business/"" tabindex=""-1"">Home Business</a>, <a data-id=""8154"" href=""/topic/unity/"" tabindex=""-1"">Unity</a>, <a data-id=""8166"" href=""/topic/unreal-engine/"" tabindex=""-1"">Unreal Engine</a>, <a data-id=""5904"" href=""/topic/game-development/"" tabindex=""-1"">Game Development Fundamentals</a>, <a data-id=""4904"" href=""/topic/c-sharp/"" tabindex=""-1"">C#</a>, <a data-id=""4280"" href=""/topic/3d-game-development/"" tabindex=""-1"">3D Game Development</a>, <a data-id=""4908"" href=""/topic/c-plus-plus/"" tabindex=""-1"">C++</a>, <a data-id=""109866"" href=""/topic/unreal-engine-blueprints/"" tabindex=""-1"">Unreal Engine Blueprints</a>, <a data-id=""25642"" href=""/topic/2d-game-development/"" tabindex=""-1"">2D Game Development</a>, <a data-id=""11042"" href=""/topic/mobile-game-development/"" tabindex=""-1"">Mobile Game Development</a>, <a class=""udlite-btn udlite-btn-large udlite-btn-secondary udlite-btn-round udlite-heading-md"" href=""/courses/design/""><span>Design</span></a>, <a class=""udlite-btn udlite-btn-large udlite-btn-secondary udlite-btn-round udlite-heading-md"" href=""/courses/development/""><span>Development</span></a>, <a class=""udlite-btn udlite-btn-large udlite-btn-secondary udlite-btn-round udlite-heading-md"" href=""/courses/marketing/""><span>Marketing</span></a>, <a class=""udlite-btn udlite-btn-large udlite-btn-secondary udlite-btn-round udlite-heading-md"" href=""/courses/it-and-software/""><span>IT and Software</span></a>, <a class=""udlite-btn udlite-btn-large udlite-btn-secondary udlite-btn-round udlite-heading-md"" href=""/courses/personal-development/""><span>Personal Development</span></a>, <a class=""udlite-btn udlite-btn-large udlite-btn-secondary udlite-btn-round udlite-heading-md"" href=""/courses/business/""><span>Business</span></a>, <a class=""udlite-btn udlite-btn-large udlite-btn-secondary udlite-btn-round udlite-heading-md"" href=""/courses/photography/""><span>Photography</span></a>, <a class=""udlite-btn udlite-btn-large udlite-btn-secondary udlite-btn-round udlite-heading-md"" href=""/courses/music/""><span>Music</span></a>, <a class=""top-categories--category-card--3gl2q udlite-custom-focus-visible category-card--category-card--3x2z6"" href=""/courses/design/""><div class=""category-card--img-wrapper--1cgGh""><img alt="""" height=""300"" src='data:image/svg+xml,%3Csvg xmlns=""http://www.w3.org/2000/svg"" viewBox=""0 0 300 300""%3E%3C/svg%3E' width=""300""/></div><div class=""category-card--category-card-title--3BuKm"" data-purpose=""category-card-title-link""><span class=""udlite-heading-md udlite-focus-visible-target"">Design</span></div></a>, <a class=""top-categories--category-card--3gl2q udlite-custom-focus-visible category-card--category-card--3x2z6"" href=""/courses/development/""><div class=""category-card--img-wrapper--1cgGh""><img alt="""" height=""300"" src='data:image/svg+xml,%3Csvg xmlns=""http://www.w3.org/2000/svg"" viewBox=""0 0 300 300""%3E%3C/svg%3E' width=""300""/></div><div class=""category-card--category-card-title--3BuKm"" data-purpose=""category-card-title-link""><span class=""udlite-heading-md udlite-focus-visible-target"">Development</span></div></a>, <a class=""top-categories--category-card--3gl2q udlite-custom-focus-visible category-card--category-card--3x2z6"" href=""/courses/marketing/""><div class=""category-card--img-wrapper--1cgGh""><img alt="""" height=""300"" src='data:image/svg+xml,%3Csvg xmlns=""http://www.w3.org/2000/svg"" viewBox=""0 0 300 300""%3E%3C/svg%3E' width=""300""/></div><div class=""category-card--category-card-title--3BuKm"" data-purpose=""category-card-title-link""><span class=""udlite-heading-md udlite-focus-visible-target"">Marketing</span></div></a>, <a class=""top-categories--category-card--3gl2q udlite-custom-focus-visible category-card--category-card--3x2z6"" href=""/courses/it-and-software/""><div class=""category-card--img-wrapper--1cgGh""><img alt="""" height=""300"" src='data:image/svg+xml,%3Csvg xmlns=""http://www.w3.org/2000/svg"" viewBox=""0 0 300 300""%3E%3C/svg%3E' width=""300""/></div><div class=""category-card--category-card-title--3BuKm"" data-purpose=""category-card-title-link""><span class=""udlite-heading-md udlite-focus-visible-target"">IT and Software</span></div></a>, <a class=""top-categories--category-card--3gl2q udlite-custom-focus-visible category-card--category-card--3x2z6"" href=""/courses/personal-development/""><div class=""category-card--img-wrapper--1cgGh""><img alt="""" height=""300"" src='data:image/svg+xml,%3Csvg xmlns=""http://www.w3.org/2000/svg"" viewBox=""0 0 300 300""%3E%3C/svg%3E' width=""300""/></div><div class=""category-card--category-card-title--3BuKm"" data-purpose=""category-card-title-link""><span class=""udlite-heading-md udlite-focus-visible-target"">Personal Development</span></div></a>, <a class=""top-categories--category-card--3gl2q udlite-custom-focus-visible category-card--category-card--3x2z6"" href=""/courses/business/""><div class=""category-card--img-wrapper--1cgGh""><img alt="""" height=""300"" src='data:image/svg+xml,%3Csvg xmlns=""http://www.w3.org/2000/svg"" viewBox=""0 0 300 300""%3E%3C/svg%3E' width=""300""/></div><div class=""category-card--category-card-title--3BuKm"" data-purpose=""category-card-title-link""><span class=""udlite-heading-md udlite-focus-visible-target"">Business</span></div></a>, <a class=""top-categories--category-card--3gl2q udlite-custom-focus-visible category-card--category-card--3x2z6"" href=""/courses/photography/""><div class=""category-card--img-wrapper--1cgGh""><img alt="""" height=""300"" src='data:image/svg+xml,%3Csvg xmlns=""http://www.w3.org/2000/svg"" viewBox=""0 0 300 300""%3E%3C/svg%3E' width=""300""/></div><div class=""category-card--category-card-title--3BuKm"" data-purpose=""category-card-title-link""><span class=""udlite-heading-md udlite-focus-visible-target"">Photography</span></div></a>, <a class=""top-categories--category-card--3gl2q udlite-custom-focus-visible category-card--category-card--3x2z6"" href=""/courses/music/""><div class=""category-card--img-wrapper--1cgGh""><img alt="""" height=""300"" src='data:image/svg+xml,%3Csvg xmlns=""http://www.w3.org/2000/svg"" viewBox=""0 0 300 300""%3E%3C/svg%3E' width=""300""/></div><div class=""category-card--category-card-title--3BuKm"" data-purpose=""category-card-title-link""><span class=""udlite-heading-md udlite-focus-visible-target"">Music</span></div></a>, <a class=""trending-topics--link--2qohI"" href=""/topic/python/"">Python</a>, <a class=""trending-topics--link--2qohI"" href=""/topic/web-development/"">Web Development</a>, <a class=""trending-topics--link--2qohI"" href=""/topic/machine-learning/"">Machine Learning</a>, <a class=""trending-topics--link--2qohI"" href=""/topic/financial-analysis/"">Financial Analysis</a>, <a class=""trending-topics--link--2qohI"" href=""/topic/sql/"">SQL</a>, <a class=""trending-topics--link--2qohI"" href=""/topic/pmp/"">PMP</a>, <a class=""trending-topics--link--2qohI"" href=""/topic/aws-certification/"">AWS Certification</a>, <a class=""trending-topics--link--2qohI"" href=""/topic/ethical-hacking/"">Ethical Hacking</a>, <a class=""trending-topics--link--2qohI"" href=""/topic/cyber-security/"">Cyber Security</a>, <a class=""trending-topics--link--2qohI"" href=""/topic/photoshop/"">Photoshop</a>, <a class=""trending-topics--link--2qohI"" href=""/topic/graphic-design/"">Graphic Design</a>, <a class=""trending-topics--link--2qohI"" href=""/topic/drawing/"">Drawing</a>, <a class=""udlite-btn udlite-btn-medium udlite-btn-secondary udlite-heading-sm trending-topics--cta--3lYUC"" href=""/featured-topics/""><span>Explore more topics</span></a>, <a class=""udlite-btn udlite-btn-large udlite-btn-primary udlite-heading-md"" href=""/teaching/?ref=teach_home-body"">Start teaching today</a>, <a class=""ud-component--logged-out-home--partner-logos partners__logos-container"" data-allow-referrer="""" data-component-props='{""logos"":[{""img"":""partner-logos/v4/apple-dark.svg"",""name"":""Apple"",""width"":44,""height"":44},{""img"":""partner-logos/v4/box-dark.svg"",""name"":""Box"",""width"":67,""height"":44},{""img"":""partner-logos/v4/volkswagen-dark.svg"",""name"":""Volkswagen"",""width"":44,""height"":44},{""img"":""partner-logos/v4/netflix-dark.svg"",""name"":""Netflix"",""width"":101,""height"":44},{""img"":""partner-logos/v4/eventbrite-dark.svg"",""name"":""Eventbrite"",""width"":115,""height"":44}]}' href=""/udemy-business/?locale=en_US&amp;path=request-demo-mx%2F&amp;ref=ufb_home-body&amp;utm_campaign=mx-hooks&amp;utm_content=ufb-home-body&amp;utm_medium=referral&amp;utm_source=marketplace&amp;utm_term="" rel=""noopener"" target=""_blank"">
</a>, <a class=""udlite-btn udlite-btn-large udlite-btn-primary udlite-heading-md"" href=""/udemy-business/?locale=en_US&amp;path=request-demo-mx%2F&amp;ref=ufb_home-body&amp;utm_campaign=mx-hooks&amp;utm_content=ufb-home-body&amp;utm_medium=referral&amp;utm_source=marketplace&amp;utm_term="" rel=""noopener"" target=""_blank"">
Get Udemy Business
</a>, <a class=""udlite-btn udlite-btn-large udlite-btn-primary udlite-heading-md"" href=""https://about.udemy.com/tag/stories/"">Find out how</a>, <a class=""link white-link udlite-text-sm ud-ufb-notice-click-event"" data-placement=""footer"" href=""/udemy-business/?locale=en_US&amp;mx_pg=home-page&amp;path=%2F&amp;ref=footer"" rel=""noopener"" target=""_blank"">
Udemy Business
</a>, <a class=""link white-link udlite-text-sm"" href=""/teaching/?ref=teach_footer"">
Teach on Udemy
</a>, <a class=""link white-link udlite-text-sm"" href=""/mobile/"" rel=""noopener noreferrer"" target=""_blank"">
Get the app
</a>, <a class=""link white-link udlite-text-sm"" href=""https://about.udemy.com/?locale=en-us"">
About us
</a>, <a class=""link white-link udlite-text-sm"" href=""https://about.udemy.com/company?locale=en-us#offices"">
Contact us
</a>, <a class=""link white-link udlite-text-sm"" href=""https://about.udemy.com/careers?locale=en-us"">
Careers
</a>, <a class=""link white-link udlite-text-sm"" href=""https://blog.udemy.com/?ref=footer"">
Blog
</a>, <a class=""link white-link udlite-text-sm"" href=""/support/"">
Help and Support
</a>, <a class=""link white-link udlite-text-sm"" href=""/affiliate/"">
Affiliate
</a>, <a class=""link white-link udlite-text-sm"" data-purpose=""footer-imprint-contact"" href=""/terms/imprint-contact/"" style=""display: none;"">
Impressum Kontakt
</a>, <a class=""link white-link udlite-text-sm"" href=""/terms/"">
Terms
</a>, <a class=""link white-link udlite-text-sm"" href=""/terms/privacy/"">
Privacy policy
</a>, <a class=""link white-link udlite-text-sm"" data-purpose=""footer.links.cookie_preferences"" href=""javascript:void(0);"" style=""display: none;"">
Cookie settings
</a>, <a class=""link white-link udlite-text-sm"" href=""/sitemap/"">
Sitemap
</a>, <a href=""/"" style=""display:block"">
<img alt=""Udemy"" height=""34"" src=""https://www.udemy.com/staticx/udemy/images/v7/logo-udemy-inverted.svg"" style=""display:block"" width=""91""/>
</a>]"
